ASU_CA_1,https://www.gannett-cdn.com/presto/2022/10/08/PPHX/f39310b1-75aa-4f8d-adc7-fde280d392f8-uscp-7n3dysc8ghu1e5paw1rk2_original.jpg
ASU_CA_2,https://www.instagram.com/p/CigRuZDviD-/media/?size=l
ASU_CA_3,https://www.instagram.com/p/Ccyuo0Pv3d-/media/?size=l
ASU_CA_4,https://www.instagram.com/p/CMsczYblD8h/media/?size=l
ASU_CA_5,https://pbs.twimg.com/media/FfckjjJUYAUfvVR?format=jpg&name=medium
ASU_CA_6,https://pbs.twimg.com/media/Ffsi-CMUAAAkzdC?format=jpg&name=large
ASU_CA_7,https://pbs.twimg.com/media/FfssPzJVsAAOp6c?format=jpg&name=small
ASU_CA_8,https://pbs.twimg.com/media/FQBJ_m6akAIndEX?format=jpg&name=large
ASU_CA_9,https://pbs.twimg.com/media/Ff20ZpNUUAAdT6-?format=jpg&name=large
ASU_CA_10,https://pbs.twimg.com/media/FdJLjjHaUAEKrAX?format=jpg&name=4096x4096
ASU_CA_11,https://pbs.twimg.com/media/Feo7iyvXkAAhC7t?format=jpg&name=large
ASU_FA_1,https://pbs.twimg.com/media/Fc4SfCcWYAAMulf?format=jpg&name=large
ASU_FA_2,https://www.instagram.com/p/CjeSNNbp66J/media/?size=l
ASU_FA_3,https://www.instagram.com/p/Ci8UMKsvxDG/media/?size=l
ASU_FA_4,https://www.instagram.com/p/Ch_oPZWPxQ4/media/?size=l
ASU_FA_5,https://www.instagram.com/p/B5TZ9wphU62/media/?size=l
ASU_FA_6,https://pbs.twimg.com/media/FfuSclFUcAARNSa?format=jpg&name=large
ASU_FA_7,https://twitter.com/ASU_Uniformity/status/1583885360035045377/photo/1
ASU_FA_8,https://pbs.twimg.com/media/FfsKIBZVUAUM29L?format=jpg&name=large
ASU_FA_9,https://pbs.twimg.com/media/Ffsu_l1WQAAqHgc?format=jpg&name=4096x4096
ASU_FA_10,https://pbs.twimg.com/media/E_G0ToxUUAE3Unh?format=jpg&name=medium
ASU_PA_1,https://pbs.twimg.com/media/CLKtlTHWwAA0HYx?format=jpg&name=medium
ASU_PA_2,https://pbs.twimg.com/media/ElSHkAHVgAAqrlJ?format=jpg&name=large
ASU_PA_3,https://pbs.twimg.com/media/ElSHkAHUYAAuFZZ?format=jpg&name=large
ASU_PA_4,https://pbs.twimg.com/media/CMoQjjLUcAACrPB?format=jpg&name=medium
ASU_PA_5,https://pbs.twimg.com/media/E-NtvP-XIAEkMxO?format=jpg&name=large
ASU_PA_6,https://pbs.twimg.com/media/DM2hF3UU8AAYLCQ?format=jpg&name=medium
ASU_PA_7,https://www.instagram.com/p/Ci78Uz5Jc1u/media/?size=l
ASU_PA_8,https://www.instagram.com/p/Cip7KsSJw_X/media/?size=l
ASU_PA_9,https://www.instagram.com/p/Cip67NXpR1H/media/?size=l
ASU_PA_10,https://www.instagram.com/p/CiGbjnuBKXw/media/?size=l
ASU_PA_11,https://www.instagram.com/p/BqlWs0yFcUl/media/?size=l
ASU_PA_12,https://www.instagram.com/p/CMsZEB4Fuew/media/?size=l
ASU_PA_13,https://cdn.vox-cdn.com/thumbor/BaS0-4k1dgZUmhtas0jyxItbn5M=/0x1515:3161x3293/1600x900/cdn.vox-cdn.com/uploads/chorus_image/image/46884470/usa-today-8724700.0.jpg
ASU_PA_14,https://cdn.vox-cdn.com/thumbor/PERWnVeQItStjYurt9eCAgrNEdk=/0x0:2048x1365/1200x800/filters:focal(861x520:1187x846)/cdn.vox-cdn.com/uploads/chorus_image/image/71320993/IMGL1522.0.jpg
ASU_PA_15,https://encrypted-tbn0.gstatic.com/images?q=tbn:ANd9GcSSIGy0ZsjDWTmjIh-uKVthy6S8v-8DcqEFZg&usqp=CAU
ASU_SS_1,https://pbs.twimg.com/media/Dl9OGvBVAAAg2mA?format=jpg&name=large
ASU_SS_2,https://pbs.twimg.com/media/EGtQgiTVUAATLZC?format=jpg&name=medium
ASU_SS_3,https://pbs.twimg.com/media/FPYqEITVsAEA1Oq?format=jpg&name=large
ASU_SS_4,https://pbs.twimg.com/media/DGVVq_zUIAAyE_P?format=jpg&name=large
ASU_SS_5,https://pbs.twimg.com/media/DIW3ZAOW4AEBtUJ?format=jpg&name=medium
ASU_SS_6,https://pbs.twimg.com/media/D6AfQZUUUAAGEza?format=jpg&name=large
ASU_SS_7,https://pbs.twimg.com/media/FAK2HqgVQAYD-t7?format=jpg&name=large
ASU_SS_8,https://www.instagram.com/p/CjdxcnAvoQ4/media/?size=l
ASU_SS_9,https://www.instagram.com/p/CiKy6n_v2Hp/media/?size=l
ASU_SS_10,https://www.instagram.com/p/ChksaIouQfd/media/?size=l
ASU_SS_11,https://bloximages.chicago2.vip.townnews.com/pinalcentral.com/content/tncms/assets/v3/editorial/2/72/272e9c66-e5ac-5cb4-94fc-92c51fe23ee9/59a59996c9871.image.jpg?resize=400%2C250
TAM_CA_1,https://pbs.twimg.com/media/FO0JlmIXsAkkFiF?format=jpg&name=large
TAM_CA_2,https://pbs.twimg.com/media/FfuVddsXwAU4NNj?format=jpg&name=large
TAM_CA_3,https://pbs.twimg.com/media/FftrrErWYAAaNGH?format=jpg&name=medium
TAM_CA_4,https://pbs.twimg.com/media/Ff3ShbgXEAUQwux?format=png&name=small
TAM_CA_5,https://pbs.twimg.com/media/FfuWsjhWQAAyJmR?format=jpg&name=large
TAM_CA_6,https://pbs.twimg.com/media/FfwpNZlWYAEGDKX?format=jpg&name=medium
TAM_CA_7,https://pbs.twimg.com/media/FfNzH-uWQAINdw-?format=jpg&name=medium
TAM_CA_8,https://pbs.twimg.com/media/Ff0sPg3XgAEcSlr?format=jpg&name=medium
TAM_CA_9,https://pbs.twimg.com/media/FfcgXFOXgAAPlAY?format=jpg&name=medium
TAM_CA_10,https://www.instagram.com/p/CjYciDbpsNB/media/?size=l
TAM_FA_1,https://pbs.twimg.com/media/FBify0IWEAUQ3hQ?format=jpg&name=medium
TAM_FA_2,https://www.instagram.com/p/B1hMft9lwxz/media/?size=l
TAM_FA_3,https://www.instagram.com/p/CFVYp6SF9Ol/media/?size=l
TAM_FA_4,https://www.instagram.com/p/B3kxQ3lhAaZ/media/?size=l
TAM_FA_5,https://www.instagram.com/p/CTZ2m5XAnAg/media/?size=l
TAM_FA_6,https://www.instagram.com/p/Ch7T2XxuNNc/media/?size=l
TAM_FA_7,https://www.instagram.com/p/BnfES4llOLK/media/?size=l
TAM_FA_8,https://www.instagram.com/p/CiDZHe5OSQW/media/?size=l
TAM_FA_9,https://www.instagram.com/p/CNxZ8E4g26F/media/?size=l
TAM_FA_10,https://www.instagram.com/p/CiI2lPou7ix/media/?size=l
TAM_PA_1,https://pbs.twimg.com/media/FfSZGJwWYAEh5qV?format=jpg&name=medium
TAM_PA_2,https://pbs.twimg.com/media/FbpsIY8WIAAFxeW?format=jpg&name=large
TAM_PA_3,https://pbs.twimg.com/media/FYwUSJdX0AMJA2h?format=jpg&name=large
TAM_PA_4,https://pbs.twimg.com/media/EO0cIsLW4Ac5bqe?format=jpg&name=large
TAM_PA_5,https://pbs.twimg.com/media/EtQVBEmWQAAsWci?format=jpg&name=large
TAM_PA_6,https://pbs.twimg.com/media/EdA5Q6VWkAUGZYH?format=jpg&name=medium
TAM_PA_7,https://pbs.twimg.com/media/Et_fM33XYAAo19N?format=jpg&name=large
TAM_PA_8,https://pbs.twimg.com/media/DzaCTB4UYAAGLWT?format=jpg&name=medium
TAM_PA_9,https://pbs.twimg.com/media/DyHNWyyUcAA0x64?format=jpg&name=small
TAM_PA_10,https://pbs.twimg.com/media/Erf1rhrXcAEWyBe?format=jpg&name=900x900
UMF_CA_1,https://s.yimg.com/ny/api/res/1.2/EPmdxVB8vX3jYYO8kfXgkw--/YXBwaWQ9aGlnaGxhbmRlcjt3PTEyNDI7aD0xMDA4/https://media.zenfs.com/en/aol_miami_herald_mcclatchy_670/b11dd96fccb027f3c20a103c60bc471c
UMF_CA_2,https://caneswarning.com/wp-content/uploads/imagn-images/2017/07/15273762.jpeg
UMF_CA_3,https://a2.espncdn.com/combiner/i?img=%2Fphoto%2F2022%2F0907%2Fr1058489_2_1296x729_16%2D9.jpg
UMF_CA_4,https://cdn.vox-cdn.com/thumbor/ku-ypistf0ObsFumjMicP4s2760=/0x0:3587x2391/1520x1013/filters:focal(1739x94:2311x666):format(webp)/cdn.vox-cdn.com/uploads/chorus_image/image/69818256/usa_today_16687614.0.jpg
UMF_CA_5,https://npr.brightspotcdn.com/dims4/default/c69653e/2147483647/strip/true/crop/4032x2268+0+378/resize/1200x675!/quality/90/?url=http%3A%2F%2Fnpr-brightspot.s3.amazonaws.com%2Flegacy%2Fsites%2Fwlrn%2Ffiles%2F201903%2Fimage_from_ios__2__1.jpg
UMF_CA_6,https://media.gettyimages.com/photos/head-coach-mark-richt-of-the-miami-hurricanes-walks-off-the-field-picture-id900714124?s=612x612
UMF_CA_7,https://www.gannett-cdn.com/presto/2021/12/03/USAT/0dbf2927-f46a-4280-bbe3-e8a31bc8eda5-USATSI_17083245.jpg
UMF_CA_8,https://www.inquirer.com/resizer/IgIewrxSe061uCGb-MOMgbCIQ7A=/760x507/smart/filters:format(webp)/cloudfront-us-east-1.images.arcpublishing.com/pmn/MON6AKQ7LFHQPHF7TRWEXY25KA.jpg
UMF_CA_9,https://fansided.com/wp-content/uploads/imagn-images/2022/09/19107158.jpeg
UMF_CA_10,https://www.gannett-cdn.com/presto/2022/04/16/NPPP/988c5b57-b0a4-4f7d-aad3-fa651f01ca94-MIA_20220416AD2377MiamiHurricanesspringgame.JPG
UMF_CA_11,https://cdn.vox-cdn.com/thumbor/jyEjd_8P4dM1PaVk6waMdMPwYH8=/0x0:5957x4150/1200x675/filters:focal(2392x1333:3344x2285)/cdn.vox-cdn.com/uploads/chorus_image/image/71529537/usa_today_19238440.0.jpg
UMF_FA_1,"https://assets.adidas.com/images/w_600,f_auto,q_auto/c05e08bde34c4e6f8bd4af25011cb29b_9366/Hurricanes_Blend_Tee_Green_HN5042.jpg"
UMF_FA_2,https://i.ebayimg.com/images/g/0U4AAOSwaDtifGRb/s-l500.jpg
UMF_FA_3,https://media.kohlsimg.com/is/image/kohls/4167750?wid=600&hei=600&op_sharpen=1
UMF_FA_4,https://s.yimg.com/aah/gametimeusa/miami-hurricanes-football-jersey-1.gif
UMF_FA_5,https://fanatics.frgimages.com/miami-hurricanes/mens-adidas-heather-gray-miami-hurricanes-sideline-football-locker-creator-aeroready-sleeveless-t-shirt_pi4589000_altimages_ff_4589853-ede0d437b88458e5bd53alt2_full.jpg?_hv=2&w=600
UMF_FA_6,"https://assets.adidas.com/images/w_383,h_383,f_auto,q_auto,fl_lossy,c_fill,g_auto/7bde65e424f544e2aa26aecf017d71b6_9366/playmaker-short-sleeve-tee.jpg"
UMF_FA_7,https://di2ponv0v5otw.cloudfront.net/posts/2022/03/04/622248d19c337873f1df06fa/m_62224941ce1e870cfd3ccb70.jpg
UMF_FA_8,"https://assets.adidas.com/images/w_383,h_383,f_auto,q_auto,fl_lossy,c_fill,g_auto/600a0670a97e4fa9a0a2ae8401525e74_9366/ultraboost-1.0-miami.jpg"
UMF_FA_9,https://dks.scene7.com/is/image/GolfGalaxy/21ADIMNCMMFLRGCRTMIA?qlt=70&wid=600&fmt=pjpeg
UMF_FA_10,https://thumbs.worthpoint.com/zoom/images1/1/0416/17/university-miami-hurricanes-football_1_287511c84bae51b4cadb394c48812737.jpg
UMF_FA_11,https://pbs.twimg.com/media/FfsYYUiXEAA-yX_?format=jpg&name=medium
UMF_PA_1,https://pbs.twimg.com/media/Ff2dpzzUcAAbBDo?format=jpg&name=medium
UMF_PA_2,https://pbs.twimg.com/media/FfsZN2lXEAEZEhq?format=jpg&name=medium
UMF_PA_3,https://pbs.twimg.com/media/Ffr7RStWQAAjyrd?format=jpg&name=medium
UMF_PA_4,https://pbs.twimg.com/media/FfpErR-acAEyb0E?format=jpg&name=medium
UMF_PA_5,https://pbs.twimg.com/media/FfRwKYYUoAAJ-Er?format=jpg&name=medium
UMF_PA_6,https://pbs.twimg.com/media/FfISoDgWYAIsw1g?format=jpg&name=medium
UMF_PA_7,https://pbs.twimg.com/media/FfHptSVXoAcAYir?format=jpg&name=4096x4096
UMF_PA_8,https://pbs.twimg.com/media/FfHpvahXEAU2Ulc?format=jpg&name=4096x4096
UMF_PA_9,https://pbs.twimg.com/media/FfHpnztXoAIoh6q?format=jpg&name=4096x4096
UMF_PA_10,https://pbs.twimg.com/media/FelBNVNXwAACrac?format=jpg&name=medium
UMF_PA_11,https://i.pinimg.com/736x/19/4c/87/194c87befcba9b80badd74c6317059f8--hurricanes-football-miami-hurricanes.jpg
UMF_PA_12,https://cdn.vox-cdn.com/thumbor/44xJgpkZfcBS0lAsmo_WOQd8LFk=/0x0:3000x1819/1200x800/filters:focal(1110x592:1590x1072)/cdn.vox-cdn.com/uploads/chorus_image/image/67579606/1228754139.jpg.0.jpg
UMF_PA_13,https://caneswarning.com/wp-content/uploads/imagn-images/2017/07/13839422.jpeg
UMF_PA_14,https://caneswarning.com/wp-content/uploads/getty-images/2017/07/1174708960.jpeg
UMF_SS_1,https://i.ebayimg.com/images/g/Vh0AAOSw3kNiEXeY/s-l1600.jpg
UMF_SS_2,https://cdn.vox-cdn.com/thumbor/0t4QHm92PBZ-aXRWbfakyWKcPJY=/0x0:3952x2675/1520x1013/filters:focal(1660x1022:2292x1654):format(webp)/cdn.vox-cdn.com/uploads/chorus_image/image/67451101/usa_today_13496972.0.jpg
UMF_SS_3,https://saturdayblitz.com/wp-content/uploads/getty-images/2018/08/1360433409.jpeg
UMF_SS_4,https://caneswarning.com/wp-content/uploads/getty-images/2017/07/1076546726-850x560.jpeg
UMF_SS_5,https://news.miami.edu/_assets/images-stories/2021/12/cristobalpodium-hero-940x529.jpg
UMF_SS_6,https://pbs.twimg.com/media/Fc5bSLgX0AQQL5F?format=jpg&name=large
UMF_SS_7,https://pbs.twimg.com/media/FapT3rbXkAAbWl-?format=jpg&name=4096x4096
UMF_SS_8,https://pbs.twimg.com/media/FapUAqlXoAAsamZ?format=jpg&name=4096x4096
UMF_SS_9,https://miamihurricanes.com/imgproxy/WiDj7G_qnymqD4PmXhzwv_zOzldXxMAc1aue6cOUF5I/fit/2500/2500/ce/0/aHR0cHM6Ly9zdG9yYWdlLmdvb2dsZWFwaXMuY29tL2h1cnJpY2FuZXNwb3J0cy1jb20vMjAyMC8wNC84MGZjMTNlOC0xMTExMTdfdW12c25kX3BtMzExLmpwZw.jpg
UMF_SS_10,https://miamihurricanes.com/imgproxy/SshWxc72PvZUX3fybfI5dINvcGWyN3IbaPeCfbeZyK4/fit/2500/2500/ce/0/aHR0cHM6Ly9zdG9yYWdlLmdvb2dsZWFwaXMuY29tL2h1cnJpY2FuZXNwb3J0cy1jb20vMjAyMC8wNC84OThiN2FiNi0xM2pjMTgwMC5qcGc.jpg
UW_CA_1,https://pbs.twimg.com/media/FddfvwiacAESdlK?format=jpg&name=large
UW_CA_2,https://pbs.twimg.com/media/FddfvwkaIAA_kr_?format=jpg&name=large
UW_CA_3,https://pbs.twimg.com/media/Fc6U-cdakAEKcbT?format=jpg&name=medium
UW_CA_4,https://images.seattletimes.com/wp-content/uploads/2021/11/11082021_Jimmy-Lake-UW-Oregon_170120.jpg?d=780x656
UW_CA_5,https://images.seattletimes.com/wp-content/uploads/2021/11/11202021_huskies-vs-buffaloes05_120804.jpg?d=780x520
UW_CA_6,https://images.seattletimes.com/wp-content/uploads/2019/12/12022019_ChrisPetersen_105856.jpg?d=1560x1201
UW_CA_7,http://sports.mynorthwest.com/wp-content/uploads/2021/11/jimmy-lake-montana-getty-900.jpg
UW_CA_8,"https://images2.minutemediacdn.com/image/fetch/w_2000,h_2000,c_fit/https%3A%2F%2Fthehuskyhaul.com%2Fwp-content%2Fuploads%2Fimagn-images%2F2017%2F07%2F16690620-2.jpeg"
UW_CA_9,https://x2.pac-12.com/cdn/ff/I5u8HH-LbpZzR46g4nKHnnp7AK6BD8hfMSXUZ6epOfY/1638226065/public/styles/crop_16_9_large_1x/public/FB_KD_RELEASE_HERO_2.jpg?itok=XhhdyitE
UW_CA_10,https://www.uwtyeeclub.com/wp-content/uploads/2020/05/1000x500_Jimmy_Lake.jpg
UW_FA_1,https://pbs.twimg.com/media/FfJAvaCakAAZpAM?format=jpg&name=large
UW_FA_2,https://pbs.twimg.com/media/FfEpT9saAAEMycA?format=jpg&name=large
UW_FA_3,https://pbs.twimg.com/media/FdHRLegaMAAKFiN?format=jpg&name=4096x4096
UW_FA_4,https://pbs.twimg.com/media/Fc6IJQnXgAcq9Oq?format=jpg&name=4096x4096
UW_FA_5,https://pbs.twimg.com/media/Fc6Nd4eaMAAjnsh?format=jpg&name=4096x4096
UW_FA_6,https://pbs.twimg.com/media/Fc5za51aMAIjcpX?format=jpg&name=large
UW_FA_7,https://pbs.twimg.com/media/Fc5znV_aIAA-L_t?format=jpg&name=large
UW_FA_8,https://pbs.twimg.com/media/Fc5zogXacAImJFU?format=jpg&name=medium
UW_FA_9,https://pbs.twimg.com/media/Fc5zt6OacAAxTN-?format=jpg&name=medium
UW_FA_10,https://pbs.twimg.com/media/FcUYVcBagAAeRqM?format=jpg&name=medium
UW_PA_1,https://www.instagram.com/p/CkC5RF1OeO9/media/?size=l
UW_PA_2,https://www.instagram.com/p/CjwLwT-vyWz/media/?size=l
UW_PA_3,https://www.instagram.com/p/Cjv315GviJP/media/?size=l
UW_PA_4,https://www.instagram.com/p/Cjqe7kHpRSy/media/?size=l
UW_PA_5,https://www.instagram.com/p/CjGtOXoOyFK/media/?size=l
UW_PA_6,https://www.instagram.com/p/Cj9JANpvpLO/media/?size=l
UW_PA_7,https://pbs.twimg.com/media/Fftkv_IVUAQF8_E?format=jpg&name=large
UW_PA_8,https://pbs.twimg.com/media/Ffok4VsWYAAiRlv?format=jpg&name=medium
UW_PA_9,https://pbs.twimg.com/media/FdevyGOaAAAbXHY?format=jpg&name=large
UW_PA_10,https://pbs.twimg.com/media/Fdewd01aIAA2Fnh?format=jpg&name=4096x4096
UW_PA_11,https://pbs.twimg.com/media/Fdd12R5aAAAN9Pu?format=jpg&name=medium
UW_SS_1,https://twitter.com/KalenDeBoer/status/1574093793619759104/photo/1
UW_SS_2,https://pbs.twimg.com/media/FfEpT9oaAAArTND?format=jpg&name=large
UW_SS_3,https://pbs.twimg.com/media/FfDCQV7aAAEowVb?format=jpg&name=4096x4096
UW_SS_4,https://pbs.twimg.com/media/Fc6Nd4haEAAhs9J?format=jpg&name=4096x4096
UW_SS_5,https://pbs.twimg.com/media/Fc5rV-XXoAEgPSM?format=jpg&name=large
UW_SS_6,https://pbs.twimg.com/media/FcZl5SUaAAE01lp?format=jpg&name=medium
UW_SS_7,https://pbs.twimg.com/media/FbxfhhXaAAA63bm?format=jpg&name=medium
UW_SS_8,https://pbs.twimg.com/media/FcjtxanaMAAvAcM?format=jpg&name=medium
UW_SS_9,https://pbs.twimg.com/media/FdhN9mBacAEpgOf?format=jpg&name=large
UW_SS_10,https://www.si.com/.image/ar_1:1%2Cc_fill%2Ccs_srgb%2Cfl_progressive%2Cq_auto:good%2Cw_1200/MTgzNjQwNjQzNTk4Mjk2NzUy/husky-crowd.jpg
UW_SS_11,https://pbs.twimg.com/media/FdhN9mBacAEpgOf?format=jpg&name=large
GSU_CA_1,https://pbs.twimg.com/media/FgRcmYAVEAApTMp?format=jpg&name=large
GSU_CA_2,https://pbs.twimg.com/media/FgKSj5XXwAI6bZy?format=jpg&name=medium
GSU_CA_3,https://pbs.twimg.com/media/FWRRSmtWIAMuC8b?format=jpg&name=large
GSU_CA_4,https://www.gannett-cdn.com/presto/2022/08/02/PMON/d8621a76-dbcc-4d57-a3bb-7abc94d00f6f-Grambling_football.jpg?width=1320&height=880&fit=crop&format=pjpg&auto=webp
GSU_CA_5,https://pbs.twimg.com/card_img/1589024710137978880/rC8M_yGt?format=jpg&name=medium
PVAMU_CA_1,https://pbs.twimg.com/media/FguyZQ5XEAEIDZv?format=jpg&name=large
PVAMU_CA_2,https://pbs.twimg.com/card_img/1590549323615698945/9xW7xS2z?format=jpg&name=medium
PVAMU_CA_3,https://pbs.twimg.com/media/FRCaAdXXsAIRx8G?format=jpg&name=large
PVAMU_CA_4,https://www.instagram.com/p/CiJQguDNzaL/?utm_source=ig_web_copy_link
PVAMU_CA_5,https://www.instagram.com/p/CcQiLuqrCyM/?utm_source=ig_web_copy_link
GSU_PA_1,https://pbs.twimg.com/media/Fg1jmqeUAAEF_tE?format=jpg&name=large
GSU_PA_10,https://pbs.twimg.com/media/FfJpMpLWAAAEVCx?format=jpg&name=large
GSU_PA_2,https://pbs.twimg.com/media/Fg1jmqdUYAcStAZ?format=jpg&name=large
GSU_PA_3,https://pbs.twimg.com/media/Fg1jmqhVsAM-zLg?format=jpg&name=large
GSU_PA_4,https://pbs.twimg.com/media/Fg1CRMyVQAAigI9?format=jpg&name=large
GSU_PA_5,https://pbs.twimg.com/media/FgRcmX_UUAEqj69?format=jpg&name=large
GSU_PA_6,https://pbs.twimg.com/media/FgRcmYAVIAIPJFj?format=jpg&name=large
GSU_PA_7,https://pbs.twimg.com/media/FgQec2fVEAAAlhX?format=jpg&name=large
GSU_PA_8,https://pbs.twimg.com/media/Ff9KNrUX0AMPwp6?format=jpg&name=large
GSU_PA_9,https://pbs.twimg.com/media/Ff9KNrSXgAgeRqk?format=jpg&name=large
PVAMU_PA_1,https://pbs.twimg.com/media/FhTGowRXkAAXsY6?format=jpg&name=medium
PVAMU_PA_10,https://pbs.twimg.com/media/FgNL4_AXkAAjXhE?format=jpg&name=medium
PVAMU_PA_2,https://pbs.twimg.com/media/FhLRQxCWQAEM5nq?format=jpg&name=large
PVAMU_PA_3,https://pbs.twimg.com/media/FhLRQxCXoAI_o-p?format=jpg&name=large
PVAMU_PA_4,https://pbs.twimg.com/media/FhLRQxEWAAE9pqZ?format=jpg&name=large
PVAMU_PA_5,https://pbs.twimg.com/media/Fg-KyE_XgAI_XaX?format=jpg&name=large
PVAMU_PA_6,https://pbs.twimg.com/media/FgcWpDRXkAAGNhM?format=jpg&name=medium
PVAMU_PA_7,https://pbs.twimg.com/media/FgcWpDQXwAECg5l?format=jpg&name=large
PVAMU_PA_8,https://pbs.twimg.com/media/FgQUTxUWAAU2J52?format=jpg&name=large
PVAMU_PA_9,https://pbs.twimg.com/media/FgP2CwEXoAI5iDZ?format=jpg&name=900x900
UW_CA_11,https://pbs.twimg.com/media/Fhap515akAAlnCY?format=jpg&name=medium
UW_PA_12,https://pbs.twimg.com/card_img/1591643421093105664/mYcm2Y_Z?format=jpg&name=medium
UW_FA_11,https://pbs.twimg.com/media/FhanCGzaEAAZeRF?format=jpg&name=medium
ASU_FA_11,https://pbs.twimg.com/media/Fg7CxyiVIAIbHI9?format=jpg&name=medium
UW_PA_13,https://pbs.twimg.com/media/FfeRajfaYAM1yzP?format=jpg&name=large
UW_PA_14,https://pbs.twimg.com/media/FfeRajhacAAm-nx?format=jpg&name=large
UW_FA_12,https://pbs.twimg.com/media/FhdLO4faYAUplux?format=jpg&name=large
UW_PA_15,https://pbs.twimg.com/media/FaKhzLCWAAYX1my?format=jpg&name=large
UW_PA_16,https://pbs.twimg.com/card_img/1591681626110840832/TBiWb9rA?format=jpg&name=medium
UW_CA_12,https://pbs.twimg.com/media/FaQY6MgUYAAkqE3?format=jpg&name=large
UW_CA_13,https://pbs.twimg.com/media/FaQY6McUYAA1Y4x?format=jpg&name=large
UW_CA_14,https://pbs.twimg.com/media/FaQY6McVsAApUyZ?format=jpg&name=large
UW_FA_13,https://pbs.twimg.com/media/FbqXo15aUAsIOp9?format=jpg&name=medium
UW_PA_17,https://pbs.twimg.com/media/FVVXUBqUcAAiZqC?format=jpg&name=900x900
UW_PA_18,https://pbs.twimg.com/media/FbWPhO-aQAAolUo?format=jpg&name=medium
UW_FA_14,https://pbs.twimg.com/media/Fdm0F4paEAE4gG4?format=jpg&name=large
UW_FA_15,https://pbs.twimg.com/media/Fdm0F4pakAI2lRA?format=jpg&name=large
UW_PA_19,https://pbs.twimg.com/card_img/1591839333320822784/A6MClt9p?format=jpg&name=medium
UW_PA_20,https://pbs.twimg.com/card_img/1590391527834099717/N5GSXFbJ?format=jpg&name=medium
UW_FA_16,https://www.instagram.com/p/CitD1bKPSPv/?utm_source=ig_web_copy_link
UW_PA_21,https://www.instagram.com/p/CjrT9b9Lk0T/?utm_source=ig_web_copy_link
UW_PA_22,https://www.instagram.com/p/Ck5CiVXuLdy/?utm_source=ig_web_copy_link
UW_FA_17,https://www.instagram.com/p/Ck3vCzCPq6J/?utm_source=ig_web_copy_link
UW_PA_23,https://www.instagram.com/p/CksNPc0uk5W/?utm_source=ig_web_copy_link
UW_FA_18,https://www.instagram.com/p/CkmWVtOvcCY/?utm_source=ig_web_copy_link
UW_FA_19,https://www.instagram.com/p/Cjy2OYjJ6me/?utm_source=ig_web_copy_link
UW_PA_24,https://www.instagram.com/p/CjywiDUPYyP/?utm_source=ig_web_copy_link
UW_FA_20,https://www.instagram.com/p/CjwlvH5LXz7/?utm_source=ig_web_copy_link
UW_FA_21,https://www.instagram.com/p/Cjwh6QmrnLQ/?utm_source=ig_web_copy_link
UW_FA_22,https://www.instagram.com/p/CjwRneHJxN5/?utm_source=ig_web_copy_link
UW_FA_23,https://www.instagram.com/p/CjwNIUKPgyZ/?utm_source=ig_web_copy_link
UW_FA_24,https://www.instagram.com/p/CjwH_3FvtKz/?utm_source=ig_web_copy_link
UW_FA_25,https://www.instagram.com/p/Cjv_NjvvMZB/?utm_source=ig_web_copy_link
UW_FA_26,https://www.instagram.com/p/Cjv5mKNPr8Z/?utm_source=ig_web_copy_link
UW_FA_27,https://www.instagram.com/p/CjbptfBPQlu/?utm_source=ig_web_copy_link
UW_PA_25,https://www.instagram.com/p/CjbfDNTvN_P/?utm_source=ig_web_copy_link
ASU_PA_16,https://pbs.twimg.com/media/FhYr8GrUoAIMLeM?format=jpg&name=large
ASU_PA_17,https://pbs.twimg.com/media/FhUZDfwUoAAqIF2?format=jpg&name=large
ASU_PA_18,https://pbs.twimg.com/media/Fhea7g3VsAAIoui?format=jpg&name=large
ASU_CA_12,https://cdn.vox-cdn.com/thumbor/nMFl7rqaWEyNUwuYgX43FC9mdOo=/0x0:3087x2054/1520x1013/filters:focal(1298x781:1790x1273):format(webp)/cdn.vox-cdn.com/uploads/chorus_image/image/71620583/usa_today_19418903.0.jpg
ASU_PA_19,https://pbs.twimg.com/media/FhZ7EJ7aYAE73ca?format=jpg&name=4096x4096
ASU_PA_20,https://pbs.twimg.com/media/FhZJ8LuXEAIddtO?format=jpg&name=large
ASU_PA_21,https://pbs.twimg.com/media/FhZJ8LuWAAEpuS8?format=jpg&name=large
ASU_PA_22,https://pbs.twimg.com/media/FhZJ8LvXEAAPbX5?format=jpg&name=medium
ASU_FA_12,https://pbs.twimg.com/media/Fhe-JsdUUAAKLbR?format=jpg&name=medium
ASU_PA_23,https://pbs.twimg.com/media/Fg2x0oIVIAAC3Uf?format=jpg&name=large
ASU_CA_13,https://pbs.twimg.com/media/Fg5N65-VUAIqI-J?format=jpg&name=medium
ASU_FA_13,https://pbs.twimg.com/media/Fg0hxtlVsAA6Rm0?format=jpg&name=medium
ASU_PA_24,https://pbs.twimg.com/card_img/1591517338997768197/4_IdZiGL?format=jpg&name=medium
ASU_FA_14,https://www.instagram.com/p/CksnpfwrdcS/?utm_source=ig_web_copy_link
ASU_FA_15,https://www.instagram.com/p/CkVcPJIuoK4/?utm_source=ig_web_copy_link
ASU_PA_25,https://www.instagram.com/p/CjgzcWipDyz/?utm_source=ig_web_copy_link
ASU_FA_16,https://www.instagram.com/p/Cio6c0Kuama/?utm_source=ig_web_copy_link
ASU_FA_17,https://www.instagram.com/p/CiV6IaTP2uH/?utm_source=ig_web_copy_link
TAM_PA_11,https://pbs.twimg.com/card_img/1592006699606773760/7gb1dPFD?format=jpg&name=medium
TAM_PA_12,https://pbs.twimg.com/card_img/1591833161251827712/yPwfGt5G?format=jpg&name=medium
TAM_FA_11,https://pbs.twimg.com/card_img/1591721781551067136/d_AYpYKE?format=jpg&name=small
TAM_CA_11,https://pbs.twimg.com/media/FhAJ4TPVsAAyznl?format=jpg&name=360x360
TAM_FA_12,https://pbs.twimg.com/card_img/1591797576294178816/CaIoyHmT?format=jpg&name=medium
TAM_PA_13,https://pbs.twimg.com/card_img/1591883914058022912/A35Tfu0J?format=jpg&name=medium
TAM_PA_14,https://pbs.twimg.com/card_img/1591544375741501442/Tmeqibj2?format=jpg&name=medium
TAM_CA_12,https://pbs.twimg.com/media/FhNHfUVXoAAXQtw?format=jpg&name=medium
TAM_PA_15,https://pbs.twimg.com/card_img/1591475628561276929/Y1ryyxxu?format=jpg&name=medium
TAM_PA_16,https://pbs.twimg.com/media/FhY4OZQXkAAzdPv?format=jpg&name=small
TAM_PA_17,https://pbs.twimg.com/media/FhY4PQVXwAEjJXo?format=png&name=small
TAM_PA_18,https://pbs.twimg.com/media/FgkhdPnXEAEcqW0?format=jpg&name=medium
TAM_FA_13,https://www.instagram.com/p/CklxyZXv7t6/?utm_source=ig_web_copy_link
TAM_FA_14,https://www.instagram.com/p/Cko8ysQM9Ds/?utm_source=ig_web_copy_link
TAM_FA_15,https://www.instagram.com/p/Ckoq1X4rwRi/?utm_source=ig_web_copy_link
TAM_FA_16,https://www.instagram.com/p/CkoGaKuuFRe/?utm_source=ig_web_copy_link
TAM_FA_17,https://www.instagram.com/p/CkmS-0NrYZ3/?utm_source=ig_web_copy_link
TAM_FA_18,https://www.instagram.com/p/CkmH00xJP-F/?utm_source=ig_web_copy_link
TAM_FA_19,https://www.instagram.com/p/CkmFhx7goGa/?utm_source=ig_web_copy_link
TAM_FA_20,https://www.instagram.com/p/Ckllruvubsx/?utm_source=ig_web_copy_link
TAM_FA_21,https://www.instagram.com/p/CkZG2R6S6oz/?utm_source=ig_web_copy_link
TAM_FA_22,https://www.instagram.com/p/CkULMcpLZkD/?utm_source=ig_web_copy_link
TAM_FA_23,https://www.instagram.com/p/CkUDcGSOymB/?utm_source=ig_web_copy_link
UW_FA_26,"https://assets.adidas.com/images/h_840,f_auto,q_auto,fl_lossy,c_fill,g_auto/ecd4ea69f0894515b71eaea900059ea0_9366/University_of_Washington_'Husky_Royalty'_Jersey_White_HG4406_41_detail.jpg"
UW_FA_27,"https://assets.adidas.com/images/h_840,f_auto,q_auto,fl_lossy,c_fill,g_auto/5ce2729da590416897d0ae7d014cee83_9366/3-Stripes_Crew_Sweatshirt_Purple_HN0298_21_model.jpg"
UW_FA_28,"https://assets.adidas.com/images/h_840,f_auto,q_auto,fl_lossy,c_fill,g_auto/bfb7ca4dd73949b8917aaf290106a5b7_9366/Huskies_Tee_Grey_HM3691_25_model.jpg"
UW_FA_29,"https://assets.adidas.com/images/h_840,f_auto,q_auto,fl_lossy,c_fill,g_auto/bccbd502317a4df9ba44aecf0175276a_9366/Fleece_Hoodie_Multi_FT7480_21_model.jpg"
UW_FA_30,"https://assets.adidas.com/images/h_840,f_auto,q_auto,fl_lossy,c_fill,g_auto/53b72227ccd842fa8efcae7b00026d94_9366/Football_Strategy_Huskies_Top_Gold_HC0691_21_model.jpg"
UW_FA_31,"https://assets.adidas.com/images/h_840,f_auto,q_auto,fl_lossy,c_fill,g_auto/e6eadd6ea1674d7baeb4aef5001e8e01_9366/Playmaker_Short_Sleeve_Tee_Purple_HN7594_25_model.jpg"
UW_FA_32,"https://assets.adidas.com/images/h_840,f_auto,q_auto,fl_lossy,c_fill,g_auto/41541d7bf9f84f79ae1baf09000dce22_9366/Huskies_Blend_Tee_Purple_HN5048_21_model.jpg"
UW_FA_33,"https://assets.adidas.com/images/h_840,f_auto,q_auto,fl_lossy,c_fill,g_auto/bc78b789148b462f942eaef5001b9b29_9366/Tee_Black_HN7503_21_model.jpg"
UW_FA_34,"https://assets.adidas.com/images/h_840,f_auto,q_auto,fl_lossy,c_fill,g_auto/c3d5a68a7ac04f62963aaf420103a629_9366/Huskies_Zero_Dye_Zip_Hoodie_White_HM6360_21_model.jpg"
UW_FA_35,"https://assets.adidas.com/images/h_840,f_auto,q_auto,fl_lossy,c_fill,g_auto/5a1019b368fc4cf4b860aec40104979a_9366/Huskies_Tee_White_HM6322_21_model.jpg"
TAM_FA_24,"https://assets.adidas.com/images/h_840,f_auto,q_auto,fl_lossy,c_fill,g_auto/2e4344f7fdef45588d9daed30161cb8e_9366/Slouch_Adjustable_Hat_Red_HC8778_01_standard.jpg"
TAM_FA_25,"https://assets.adidas.com/images/h_840,f_auto,q_auto,fl_lossy,c_fill,g_auto/7f55a2e42e734438b2dbaef7000ebf4a_9366/Stadium_HEAT.RDY_Tank_Top_Red_HM7651_25_model.jpg"
TAM_FA_26,"https://assets.adidas.com/images/h_840,f_auto,q_auto,fl_lossy,c_fill,g_auto/ed36596631ca443aba18af0c005b2eb6_9366/Playmaker_Short_Sleeve_Tee_Red_HN9772_25_model.jpg"
TAM_FA_27,"https://assets.adidas.com/images/h_840,f_auto,q_auto,fl_lossy,c_fill,g_auto/b686129cdeb64bb291a4aeee01010302_9366/Aggies_Stadium_1-4_Zip_Sweatshirt_Red_HP0053_25_model.jpg"
TAM_FA_28,"https://assets.adidas.com/images/h_840,f_auto,q_auto,fl_lossy,c_fill,g_auto/8bd25d1f3d724872af2eaec4010229a6_9366/Aggies_Tee_White_HM6321_21_model.jpg"
TAM_FA_29,"https://assets.adidas.com/images/h_840,f_auto,q_auto,fl_lossy,c_fill,g_auto/86725265a55e431898f2aebf011bc4fb_9366/Tank_Top_White_HN7538_23_hover_model.jpg"
TAM_FA_30,"https://assets.adidas.com/images/h_840,f_auto,q_auto,fl_lossy,c_fill,g_auto/5b3a3b43334645928a01af4100fbfa28_9366/Aggies_Tee_Black_HN7574_21_model.jpg"
TAM_FA_31,"https://assets.adidas.com/images/h_840,f_auto,q_auto,fl_lossy,c_fill,g_auto/9f4be9c40a1b4b6e8b12aeca014e1c51_9366/M_STM_POLO_White_HN7414_25_model.jpg"
TAM_FA_32,"https://assets.adidas.com/images/h_840,f_auto,q_auto,fl_lossy,c_fill,g_auto/d2407a3f15a146b89c02aeb70137543a_9366/Playmaker_Short_Sleeve_Tee_Red_HP0068_21_model.jpg"
TAM_FA_33,"https://assets.adidas.com/images/h_840,f_auto,q_auto,fl_lossy,c_fill,g_auto/b42a69c5027f4220bb27af240136b284_9366/Full-Zip_Hoodie_Red_HN7540_25_model.jpg"
UMF_FA_11,"https://assets.adidas.com/images/h_840,f_auto,q_auto,fl_lossy,c_fill,g_auto/b599ffa001664ac88947ae840001155a_9366/University_of_Miami_'Miami_Nights'_Jersey_Black_HG4411_21_model.jpg"
UMF_FA_12,"https://assets.adidas.com/images/h_840,f_auto,q_auto,fl_lossy,c_fill,g_auto/ff827fa1ce49424e8a67aecf0179e65d_9366/W_STM_ULT_BRA_Green_HM7655_21_model.jpg"
UMF_FA_13,"https://assets.adidas.com/images/h_840,f_auto,q_auto,fl_lossy,c_fill,g_auto/4b5bf3f580b94c7cbbf2aecf01816980_9366/Playmaker_Short_Sleeve_Tee_Green_HN9695_21_model.jpg"
UMF_FA_14,"https://assets.adidas.com/images/h_840,f_auto,q_auto,fl_lossy,c_fill,g_auto/d7bf423f73c047f78a9baf09000526a8_9366/Sideline_21_Training_Shorts_Multicolor_HF6473_25_model.jpg"
UMF_FA_15,"https://assets.adidas.com/images/h_840,f_auto,q_auto,fl_lossy,c_fill,g_auto/307a191301774e1eb468af25011af6f5_9366/Hurricanes_Blend_Tee_Green_HN5042_21_model.jpg"
UMF_FA_16,"https://assets.adidas.com/images/h_840,f_auto,q_auto,fl_lossy,c_fill,g_auto/e9d2a611036d4b2382b2aeef012d3f25_9366/Fleece_Hoodie_Black_HI3442_21_model.jpg"
UMF_FA_17,"https://assets.adidas.com/images/h_840,f_auto,q_auto,fl_lossy,c_fill,g_auto/651cba21ffc3465ca088ad1001880583_9366/Hurricanes_Home_Jersey_Orange_HC9931_21_model.jpg"
UMF_FA_18,"https://assets.adidas.com/images/h_840,f_auto,q_auto,fl_lossy,c_fill,g_auto/2fc1ace78f50440391ebaf4100fa5c4f_9366/Hurricanes_Tee_Black_HN7569_21_model.jpg"
UMF_FA_19,"https://assets.adidas.com/images/h_840,f_auto,q_auto,fl_lossy,c_fill,g_auto/f9d971fb240b4d52b343ae84000251dd_9366/Hurricanes_Icon_Jersey_White_HG4395_21_model.jpg"
UMF_FA_20,"https://assets.adidas.com/images/h_840,f_auto,q_auto,fl_lossy,c_fill,g_auto/f3b0f2bd5e2d43e19a98aee7015f77d8_9366/Stadium_Full-Zip_Hoodie_Black_HN9636_21_model.jpg"
ASU_FA_18,"https://assets.adidas.com/images/h_840,f_auto,q_auto,fl_lossy,c_fill,g_auto/5c37c46362384e1ca293aeb7013613d4_9366/Playmaker_Short_Sleeve_Tee_Red_HN7588_25_model.jpg"
ASU_FA_19,"https://assets.adidas.com/images/h_840,f_auto,q_auto,fl_lossy,c_fill,g_auto/0809facb89914d13aa76aed8015b1039_9366/Tee_Black_HN7492_21_model.jpg"
ASU_FA_20,"https://assets.adidas.com/images/h_840,f_auto,q_auto,fl_lossy,c_fill,g_auto/ea9bf4ed47a0437383f9af19000049e3_9366/Tank_Top_White_HN7528_23_hover_model.jpg"
ASU_FA_21,"https://assets.adidas.com/images/h_840,f_auto,q_auto,fl_lossy,c_fill,g_auto/ce9088f9d8424d158f76af1b0172875d_9366/Playmaker_Short_Sleeve_Tee_Red_HN9762_21_model.jpg"
ASU_FA_22,"https://assets.adidas.com/images/h_840,f_auto,q_auto,fl_lossy,c_fill,g_auto/3662a85cde5b400191b3aea80019016e_9366/Playmaker_Short_Sleeve_Tee_Red_HN7600_21_model.jpg"
ASU_FA_23,"https://assets.adidas.com/images/h_840,f_auto,q_auto,fl_lossy,c_fill,g_auto/996f5609ddd8458cac4faf090008cfa7_9366/Sun_Devils_Tee_Red_HN9822_21_model.jpg"
ASU_FA_24,"https://assets.adidas.com/images/h_840,f_auto,q_auto,fl_lossy,c_fill,g_auto/e255de8d67bd4ba9af77aecb00146eea_9366/Stadium_1-4_Zip_Sweatshirt_Grey_HP0054_21_model.jpg"
ASU_FA_25,"https://assets.adidas.com/images/h_840,f_auto,q_auto,fl_lossy,c_fill,g_auto/f2c836b8b6d947379599adb000742dcd_9366/Sun_Devils_Home_Jersey_Red_GV5490_21_model.jpg"
ASU_FA_26,"https://assets.adidas.com/images/h_840,f_auto,q_auto,fl_lossy,c_fill,g_auto/3c35ff8d1fd74e14a9f3adc80163fbac_9366/Sun_Devils_Jersey_Red_GV5494_01_laydown.jpg"
ASU_FA_27,"https://assets.adidas.com/images/h_840,f_auto,q_auto,fl_lossy,c_fill,g_auto/b749280cb57141928415ae830188fd60_9366/Arizona_State_University_'Rising_Devils'_Jersey_Beige_HG4408_21_model.jpg"